漢字,カタカナ
佐藤,サトウ
高橋,タカハシ
伊藤,イトウ
渡辺,ワタナベ
小林,コバヤシ
吉田,ヨシダ
佐々木,ササキ
松本,マツモト
木村,キムラ
斎藤,サイトウ
山崎,ヤマザキ
森,モリ
橋本,ハシモト
石川,イシカワ
前田,マエダ
後藤,ゴトウ
岡田,オカダ
長谷川,ハセガワ
石井,イシイ
坂本,サカモト
藤井,フジイ
福田,フクダ
西村,ニシムラ
太田,オオタ
原田,ハラダ
中野,ナカノ
小野,オノ
竹内,タケウチ
中山,ナカヤマ
石田,イシダ
上田,ウエダ
森田,モリタ
横山,ヨコヤマ
宮崎,ミヤザキ
内田,ウチダ
谷口,タニグチ
丸山,マルヤマ
大野,オオノ
菅原,スガワラ
武田,タケダ
上野,ウエノ
千葉,チバ
増田,マスダ
小山,コヤマ
平野,ヒラノ
渡部,ワタベ
菊地,キクチ
松尾,マツオ
木下,キノシタ
野村,ノムラ
古川,フルカワ
杉本,スギモト
菊池,キクイケ
市川,イチカワ
島田,シマダ
山内,ヤマウチ
吉川,ヨシカワ
東,アヅマ
中田,ナカタ
川口,カワグチ
安田,ヤスダ
川崎,カワサキ
本田,ホンダ
川上,カワカミ
田口,タグチ
吉村,ヨシムラ
福島,フクシマ
中西,ナカニシ
松岡,マツオカ
岩田,イワタ
森本,モリモト
秋山,アキヤマ
松下,マツシタ
大橋,オオハシ
小池,コイケ
吉岡,ヨシオカ
大久保,オオクボ
野田,ノダ
星野,ホシノ
堀,ホリ
尾崎,オザキ
黒田,クロダ
松村,マツムラ
西山,ニシヤマ
田辺,タナベ
片山,カタヤマ
岩本,イワモト
広瀬,ヒロセ
岡崎,オカザキ
早川,ハヤカワ
横田,ヨコタ
荒井,アライ
篠原,シノハラ
高山,タカヤマ
栗原,クリハラ
松原,マツバラ
三宅,ミヤケ
伊東,イトウ
岡,オカ
福井,フクイ
奥村,オクムラ
関口,セキグチ
上原,ウエハラ
北川,キタガワ
白石,シライシ
吉野,ヨシノ
今村,イマムラ
八木,ヤギ
坂口,サカグチ
岡村,オカムラ
中尾,ナカオ
青山,アオヤマ
河合,カワイ
西,ニシ
川島,カワシマ
竹田,タケダ
小沢,オザワ
坂井,サカイ
足立,アダチ
小原,オハラ
根本,ネモト
河村,カワムラ
齋藤,サイトウ
豊田,トヨダ
武藤,ムトウ
山根,ヤマネ
関根,セキネ
安部,アベ
前川,マエカワ
植田,ウエダ
宮川,ミヤカワ
長田,ナガタ
中井,ナカイ
及川,オイカワ
大川,オオカワ
中嶋,ナカシマ
細川,ホソカワ
谷,タニグチ
浅井,アサイ
三上,ミカミ
江口,エグチ
田代,タシロ
神谷,カミヤ
大沢,オオサワ
長尾,ナガオ
村松,ムラマツ
土井,ドイ
飯島,イイジマ
稲葉,イナバ
榎本,エノモト
岡野,オカノ
三好,ミヨシ
米田,ヨネダ
黒木,クロキ
津田,ツダ
松山,マツヤマ
落合,オチアイ
堀田,ホリダ
野崎,ノザキ
岩井,イワイ
土田,ツチダ
古田,フルタ
西野,ニシノ
奥山,オクヤマ
須田,スダ
川田,カワダ
大竹,オオタケ
野中,ノナカ
梅田,ウメダ
梶原,カジワラ
三木,ミキ
日高,ヒダカ
大場,オオバ
大木,オオキ
塚田,ツカダ
西本,ニシモト
藤川,フジカワ
金沢,カナザワ
竹中,タケナカ
竹下,タケシタ
宮内,ミヤウチ
吉本,ヨシモト
藤村,フジムラ
谷川,タニカワ
窪田,クボタ
竹本,タケモト
石黒,イシグロ
小谷,オタニ
福本,フクモト
緒方,オガタ
宮原,ミヤハラ
広田,ヒロタ
北野,キタノ
宮沢,ミヤザワ
高井,タカイ
出口,デグチ
小森,コモリ
亀井,カメイ
青柳,アオヤギ
古谷,フルヤ
荻野,オギノ
田原,タハラ
大平,オオヒラ
高瀬,タカセ
相馬,ソウマ
金城,カネシロ
北原,キタハラ
黒沢,クロサワ
小澤,オザワ
筒井,ツツイ
吉沢,ヨシザワ
平松,ヒラマツ
山岡,ヤマオカ
石山,イシヤマ
篠崎,シノザキ
冨田,トミタ
鶴田,ツルダ
澤田,サワダ
永野,ナガノ
二宮,ニノミヤ
川野,カワノ
富永,トミナガ
入江,イリエ
臼井,ウスイ
杉原,スギハラ
瀬戸,セト
田畑,タハタ
千田,センダ
浅田,アサダ
花田,ハナダ
篠田,シノダ
池上,イケガミ
日野,ヒノ
加納,カノウ
新谷,シンタニ
堀口,ホリグチ
倉田,クラタ
深沢,フカザワ
福原,フクハラ
河原,カワハラ
野沢,ノザワ
志村,シムラ
畑中,ハタナカ
白川,シラカワ
柏木,カシワギ
矢島,ヤジマ
岩瀬,イワセ
原口,ハラグチ
大崎,オオサキ
難波,ナンバ
島崎,シマザキ
荻原,ハギワラ
木原,キハラ
大友,オオトモ
北島,キタジマ
今泉,イマイズミ
秋元,アキモト
福山,フクヤマ
磯部,イソベ
河内,カワウチ
川瀬,カワセ
小嶋,コジマ
佐竹,サタケ
長井,ナガイ
三村,ミムラ
遠山,トオヤマ
井出,イデ
井手,イデ
塩田,シオダ
平林,ヒラバヤシ
浜野,ハマノ
村岡,ムラオカ
葛西,カサイ
奈良,ナラ
三島,ミシマ
真鍋,マナベ
草野,クサノ
橘,タチバナ
辻本,ツジモト
栗山,クリヤマ
水口,ミズグチ
半田,ハンダ
大澤,オオサワ
狩野,カリノ
瀬川,セガワ
尾形,オガタ
坂下,サカシタ
大沼,オオヌマ
立石,タテイシ
志賀,シガ
中里,ナカサト
柳,ヤナギ
朝倉,アサクラ
有馬,アリマ
神山,カミヤマ
大江,オオエ
高見,タカミ
植松,ウエマツ
江藤,エトウ
宮地,ミヤチ
北山,キタヤマ
木内,キウチ
松木,マツキ
高原,タカハラ
野上,ノガミ
三原,ミハラ
富樫,トガシ
土居,ドイ
立花,タチバナ
今田,イマダ
柴崎,シバサキ
平尾,ヒラオ
守屋,モリヤ
海野,ウミノ
久野,クノ
長谷部,ハセベ
深谷,フカヤ
関谷,セキヤ
長瀬,ナガセ
石丸,イシマル
長谷,ナガタニ
菅谷,スガヤ
黒岩,クロイワ
大倉,オオクラ
内野,ウチノ
上山,ウエヤマ
小寺,コデラ
西谷,ニシタニ
島,シマ
田川,タガワ
末永,スエナガ
濱田,ハマダ
宮脇,ミヤワキ
滝口,タキグチ
成瀬,ナルセ
高崎,タカサキ
小室,コムロ
門田,カドタ
宍戸,シシド
鳥居,トリイ
森谷,モリヤ
小畑,オバタ
杉村,スギムラ
板倉,イタクラ
平塚,ヒラツカ
木田,キダ
阪本,サカモト
阿久津,アクツ
山上,ヤマガミ
井川,イカワ
小杉,コスギ
三田,ミタ
新垣,アラガキ
赤松,アカマツ
風間,カザマ
布施,布施
曽根,そね
水田,ミズタ
堀越,ホリコシ
金丸,カネマル
佐川,サガワ
松元,マツモト
椎名,シイナ
小椋,オグラ
岩間,イワマ
羽田,ハネダ
土橋,ツチバシ
生田,イクタ
仲田,ナカダ
小野田,オノダ
仲村,ナカムラ
長崎,ナガサキ
依田,ヨリタ
宮野,ミヤノ
染谷,ソメヤ
細野,ホソノ
矢口,ヤグチ
日下,クサカ
山元,ヤマモト
赤木,アカギ
矢田,ヤダ
木戸,キド
浅川,アサカワ
勝又,カツマタ
高梨,タカナシ
倉持,クラモチ
小沼,オヌマ
寺尾,テラオ
菅沼,スガヌマ
高倉,タカクラ
富岡,トミオカ
真田,サナダ
橋爪,ハシツメ
雨宮,アマミヤ
白鳥,シラトリ
岩城,イワシロ
石坂,イシサカ
丹野,タンノ
池内,イケウチ
神野,かみの
合田,アイダ
尾上,オガミ
立川,タチカワ
海老原,エビハラ
大貫,オオヌキ
青野,アオノ
今,コン
石渡,イシワタリ
大下,オオシタ
川西,カワニシ
永島,ナガシマ
横尾,ヨコオ
久米,クメ
東海林,しょうじ
三沢,ミサワ
飛田,トビタ
玉置,タマキ
森口,モリグチ
桑田,クワタ
廣瀬,ヒロセ
三枝,サエグサ
石倉,イシクラ
大林,オオバヤシ
柏原,カシワバラ
小堀,コボリ
江原,エハラ
芦田,アシダ
水島,ミズシマ
砂川,スナカワ
島袋,シマブクロ
坂東,バンドウ
高畑,タカハタ
花岡,ハナオカ
手島,テジマ
梅村,ウメムラ
玉木,タマキ
吉澤,ヨシザワ
前野,マエノ
白木,シラキ
野呂,ノロ
中塚,ナカツカ
柴山,シバヤマ
金澤,カナザワ
沖,オキ
前島,マエシマ
百瀬,モモセ
富山,トヤマ
菅井,スガイ
浅沼,アサヌマ
高谷,タカヤ
黒崎,クロサキ
倉本,クラモト
戸塚,トツカ
桜田,サクラダ
本橋,モトハシ
畠中,ハタナカ
勝田,カツタ
益田,マスダ
中,ナカ
熊田,クマダ
猪股,イノマタ
恩田,オンダ
八田,ヤダ
村木,ムラキ
塩見,シオミ
会田,アイダ
新村,ニイムラ
福地,フクチ
冨永,トミナガ
滝,タキ
田所,タドコロ
神戸,コウベ
川添,カワゾエ
末吉,スエヨシ
照井,テルイ
紺野,コンノ
城戸,キド
寺岡,テラオカ
磯野,イソノ
夏目,ナツメ
村中,ムラナカ
森井,モリイ
菊田,キクタ
長友,ナガトモ
石沢,イシザワ
米倉,ヨネクラ
石岡,イシオカ
今川,イマカワ
神原,カンバラ
柿沼,カキヌマ
河西,カワニシ
寺崎,テラサキ
持田,モチダ
川嶋,カワシマ
玉田,タマダ
中岡,ナカオカ
長沼,ナガヌマ
品川,シナガワ
柳瀬,ヤナセ
増井,マスイ
鈴木,スズキ
田中,タナカ
山本,ヤマモト
中村,ナカムラ
加藤,カトウ
山田,ヤマダ
山口,ヤマグチ
井上,イノウエ
林,ハヤシ
清水,シミズ
阿部,アベ
池田,イケダ
山下,ヤマシタ
中島,ナカシマ
藤田,フジタ
小川,オガワ
村上,ムラカミ
近藤,コンドウ
斉藤,サイトウ
遠藤,エンドウ
青木,アオキ
三浦,ミウラ
藤原,フジワラ
松田,マツダ
岡本,オカモト
中川,ナカガワ
田村,タムラ
金子,カネコ
和田,ワダ
工藤,クドウ
原,ハラ
酒井,サカイ
柴田,シバタ
宮本,ミヤモト
高木,タカギ
安藤,アンドウ
今井,イマイ
高田,タカダ
河野,カワノ
藤本,フジモト
杉山,スギヤマ
村田,ムラタ
小島,コジマ
大塚,オオツカ
久保,クボ
松井,マツイ
岩崎,イワサキ
佐野,サノ
野口,ノグチ
新井,アライ
大西,オオニシ
小松,コマツ
高野,タカノ
五十嵐,イガラシ
水野,ミズノ
桜井,サクライ
西田,ニシダ
北村,キタムラ
西川,ニシカワ
久保田,クボタ
平田,ヒラタ
関,セキ
飯田,イイダ
土屋,ツチヤ
樋口,ヒグチ
辻,ツジ
浜田,ハマダ
永井,ナガイ
山中,ヤマナカ
矢野,ヤノ
服部,ハットリ
石原,イシハラ
熊谷,クマガヤ
馬場,ババ
松浦,マツウラ
荒木,アラキ
浅野,アサノ
川村,カワムラ
大谷,オオタニ
望月,モチヅキ
菅野,スガノ
永田,ナガタ
内藤,ナイトウ
本間,ホンマ
大島,オオシマ
大石,オオイシ
成田,ナリタ
平井,ヒライ
鎌田,カマタ
小田,オダ
須藤,スドウ
宮田,ミヤタ
石橋,イシバシ
萩原,ハギワラ
南,ミナミ
大森,オオモリ
桑原,クワハラ
小西,コニシ
内山,ウチヤマ
松永,マツナガ
片岡,カタオカ
沢田,サワダ
上村,カミムラ
小野寺,オノデラ
古賀,コガ
奥田,オクダ
平山,ヒラヤマ
宮下,ミヤシタ
牧野,マキノ
小泉,コイズミ
富田,トミタ
寺田,テラダ
児玉,コダマ
大山,オオヤマ
多田,タダ
小笠原,オガサワラ
小倉,オグラ
渋谷,シブヤ
村山,ムラヤマ
坂田,サカタ
森下,モリシタ
杉浦,スギウラ
角田,カドタ
飯塚,イイヅカ
天野,アマノ
神田,カンダ
水谷,ミズタニ
塚本,ツカモト
畠山,ハタヤマ
田島,タジマ
佐久間,サクマ
堀内,ホリウチ
岡部,オカベ
白井,シライシ
今野,コンノ
森山,モリヤマ
若林,ワカバヤシ
松崎,マツザキ
中谷,ナカタニ
安達,アダチ
西尾,ニシオ
稲垣,イナガキ
石塚,イシヅカ
星,ホシ
戸田,トダ
荒川,アラカワ
中原,ナカハラ
本多,ホンダ
岸本,キシモト
森川,モリカワ
金井,カナイ
中沢,ナカザワ
甲斐,カイ
佐伯,サエキ
山岸,ヤマギシ
金田,カネダ
堤,ツツミ
西岡,ニシオカ
泉,イズミ
町田,マチダ
新田,ニッタ
徳永,トクナガ
笠原,カサハラ
滝沢,タキザワ
黒川,クロカワ
山川,ヤマカワ
杉田,スギタ
堀江,ホリエ
村井,ムライ
川端,カワバタ
大村,オオムラ
岸,キシ
井口,イグチ
庄司,ショウジ
向井,ムカイ
川原,カワハラ
大内,オオウチ
吉原,ヨシワラ
榊原,サカキバラ
松島,マツシマ
茂木,モギ
藤岡,フジオカ
下田,シモダ
藤沢,フジサワ
栗田,クリタ
柳沢,ヤナギサワ
嶋田,シマダ
安井,ヤスイ
宇野,ウノ
平川,ヒラカワ
高島,タカシマ
奥野,オクノ
三輪,ミワ
下村,シモムラ
山村,ヤマムラ
大城,オオシロ
藤野,フジノ
長野,ナガノ
川本,カワモト
丹羽,タンバ
竹村,タケムラ
稲田,イナダ
長島,ナガシマ
長岡,ナガオカ
宮城,ミヤギ
林田,ハヤシダ
大田,オオタ
越智,コエチ
福岡,フクオカ
福永,フクナガ
横井,ヨコイ
溝口,ミゾグチ
柳田,ヤナギダ
手塚,テヅカ
武井,タケイ
堀川,ホリカワ
大原,オオハラ
高松,タカマツ
園田,ソノダ
片桐,カタギリ
比嘉,ヒガ
石崎,イシザキ
湯浅,ユアサ
渡邉,ワタナベ
沼田,ヌマタ
渡邊,ワタナベ
根岸,ネギシ
谷本,タニモト
小出,コイデ
平岡,ヒラオカ
大槻,オオツキ
小坂,コサカ
笠井,カサイ
菅,スガ
田上,タガミ
西沢,ニシザワ
西原,ニシハラ
長沢,ナガサワ
松野,マツノ
森岡,モリオカ
徳田,トクダ
村瀬,ムラセ
小柳,コヤナギ
中本,ナカモト
吉井,ヨシイ
浜口,ハマグチ
三谷,ミタニ
芳賀,ハガ
内海,ウチウミ
米山,ヨネヤマ
大井,オオイ
川畑,カワバタ
相沢,アイザワ
植木,ウエキ
皆川,ミナカワ
岩下,イワシタ
坪井,ツボイ
大坪,オオツボ
秋田,アキタ
吉永,ヨシナガ
三井,ミツイ
畑,ハタ
細谷,ホソヤ
細田,ホソダ
齊藤,サイトウ
浜崎,ハマサキ
早坂,ハヤサカ
古屋,フルヤ
清野,セイノ
若松,ワカマツ
亀山,カメヤマ
河田,カワダ
保坂,ホサカ
橋口,ハシグチ
松川,マツカワ
植村,ウエムラ
水上,ミズカミ
高村,タカムラ
板垣,イタガキ
堀井,ホリイ
岸田,キシダ
藤森,フジモリ
玉井,タマイ
相原,アイハラ
平,タイラ
進藤,シンドウ
那須,ナス
亀田,カメダ
川合,カワイ
門脇,カドワキ
高岡,タカオカ
寺島,テラシマ
下山,シモヤマ
市村,イチムラ
宮島,ミヤシマ
河本,カワモト
高柳,タカヤナギ
織田,オダ
武内,タケウチ
藤崎,フジサキ
寺本,テラモト
大津,オオツ
有田,アリタ
坂上,サカガミ
毛利,モウリ
松沢,マツザワ
前原,まえばら
島村,シマムラ
田崎,タザキ
三橋,ミツハシ
牧,マキ
岩永,イワナガ
浅見,アサミ
川井,カワイ
中澤,ナカザワ
高尾,タカオカ
岩佐,イワサ
飯野,イイノ
中根,ナカネ
和泉,イズミ
塚原,ツカハラ
外山,ソトヤマ
滝本,タキモト
市原,イチハラ
金山,カネヤマ
金森,カナモリ
小関,コゼキ
金谷,カネヤ
秦,ハタ
石垣,イシガキ
石本,イシモト
井田,イダ
奥,オク
岩渕,イワブチ
米沢,ヨネザワ
正木,マサキ
宇佐美,ウサミ
矢部,ヤベ
永山,ナガヤマ
坂元,サカモト
山野,ヤマノ
野本,ノモト
江崎,エザキ
諏訪,スワ
藤木,フジキ
森脇,モリワキ
江川,エガワ
小宮,コミヤ
秋葉,アキバ
大滝,オオタキ
豊島,トヨシマ
梅原,ウメハラ
玉城,タマキ
下川,シモカワ
野原,ノハラ
香川,カガワ
相川,アイカワ
浜本,ハマモト
古沢,フルサワ
北沢,キタザワ
山城,ヤマシロ
塩谷,シオヤ
櫻井,サクライ
浦田,カマタ
中林,ナカバヤシ
喜多,キタ
小幡,オバタ
目黒,メグロ
宇都宮,ウツノミヤ
大和田,オオワダ
山形,ヤマガタ
大畑,オオハタ
平沢,ヒラサワ
麻生,アソウ
乾,イヌイ
細井,ホソイ
今西,イマニシ
梅本,ウメモト
小玉,コダマ
大矢,オオヤマ
梅津,ウメヅ
北田,キタダ
杉野,スギノ
木本,キモト
大庭,オオニワ
都築,ツヅキ
角,カド
影山,カゲヤマ
波多野,ハタノ
深田,フカダ
並木,ナミキ
西口,ニシグチ
川辺,カワベ
柳原,ヤナギハラ
栗林,クリバヤシ
首藤,シュトウ
瀬尾,セオ
宮坂,ミヤサカ
赤坂,アカサカ
結城,ユウキ
曽我,ソガ
小久保,オクボ
妹尾,セノオ
北,キタ
板橋,イタバシ
志田,シダ
上杉,ウエスギ
神崎,カンザキ
有賀,アリガ
大熊,オオクマ
竹原,タケハラ
井原,イハラ
大嶋,オオシマ
池本,イケモト
西島,ニシジマ
田端,タバタ
清田,キヨタ
西脇,ニシワキ
須賀,スガ
坂野,サカノ
横川,ヨコカワ
川越,カワゴエ
本村,モトムラ
春日,カスガ
笹川,ササカワ
内村,ウチムラ
日比野,ヒビノ
楠,くすのき
谷村,タニムラ
脇田,ワキタ
浦野,ウラノ
小栗,オグリ
平良,ヒラヨシ
岡山,オカヤマ
角谷,カドヤ
沖田,オキタ
楠本,クスモト
浜,ハマ
大和,ヤマト
森永,モリナガ
明石,アカシ
吉崎,ヨシザキ
柳川,ヤナガワ
島津,シマヅ
大高,オオタカ
岩谷,イワタニ
井本,イモト
笹原,ササハラ
滝川,タキガワ
小菅,コスガ
田渕,タブチ
大浦,オオウラ
池谷,イケタニ
国分,コクブン
高嶋,タカシマ
熊倉,クマクラ
本山,モトヤマ
古山,フルヤマ
小口,オグチ
田尻,タジリ
石野,イシノ
井村,イムラ
小平,コダイラ
南部,ナンブ
平賀,ヒラガ
寺沢,テラサワ
五味,ゴミ
赤羽,アカサワ
梅沢,ウメザワ
丸田,マルタ
松橋,マツバシ
日下部,クサカベ
重松,シゲマツ
若山,ワカヤマ
福士,フクシ
児島,コジマ
鶴岡,ツルオカ
湊,ミナト
野島,ノジマ
阪口,サカグチ
土谷,ツチヤ
新保,ニイボ
藤島,フジシマ
西森,ニシモリ
牧田,マキタ
大関,オオゼキ
重田,シゲタ
宮澤,ミヤザワ
古市,フルイチ
有村,アリムラ
岩村,イワムラ
浦,ウラノ
氏家,ウジイエ
境,サカイ
沢井,サワイ
藤山,フジヤマ
小高,コダカ
西井,ニシイ
小村,コムラ
寺井,テライ
